{
  "minigun.spinloop": {
    "sounds": [
      "MinigunSpinLoop"
    ],
    "category": "player"
  },
  "minigun.loop": {
    "sounds": [
      "MinigunLoop"
    ],
    "category": "player"
  },
  "minigun.startup": {
    "sounds": [
      "MinigunStartup"
    ],
    "category": "player"
  },
  "minigun.winddown": {
    "sounds": [
      "MinigunWindDown"
    ],
    "category": "player"
  },
  "minigun.windup": {
    "sounds": [
      "MinigunWindup"
    ],
    "category": "player"
  }
}