{
  "minigun.spinloop": {
    "sounds": [
      "minigun_spin_loop"
    ],
    "category": "player"
  },
  "minigun.loop": {
    "sounds": [
      "minigun_loop"
    ],
    "category": "player"
  },
  "aura.loop": {
    "sounds": [
      "halo_aura"
    ],
    "category": "player"
  },
  "minigun.startup": {
    "sounds": [
      "minigun_start"
    ],
    "category": "player"
  },
  "minigun.winddown": {
    "sounds": [
      "minigun_wind_stop"
    ],
    "category": "player"
  },
  "minigun.windup": {
    "sounds": [
      "minigun_wind_start"
    ],
    "category": "player"
  },
  "freeze.breath.loop": {
    "sounds": [
      "freeze_breath_loop"
    ],
    "category": "player"
  },
  "heat.breath.loop": {
    "sounds": [
      "heat_breath_loop"
    ],
    "category": "player"
  },
  "shotgun.aim": {
    "sounds": [
      "shotgun_aim"
    ],
    "category": "player"
  },
  "shotgun.shoot": {
    "sounds": [
      "shotgun_shoot"
    ],
    "category": "player"
  },
  "zero.to.hero": {
    "sounds": [
	  {
      "name": "zero_to_hero",
	  "stream": true
	  }
    ],
    "category": "player"
  },
  "breath.charge": {
    "sounds": [
      "breath_charge"
    ],
    "category": "player"
  }
}