{
  "minigun.spinloop": {
    "sounds": [
      "minigun_spin_loop"
    ],
    "category": "player"
  },
  "minigun.loop": {
    "sounds": [
      "minigun_loop"
    ],
    "category": "player"
  },
  "groovy.aved": {
    "category": "player",
    "sounds": [{
	  "name": "groovy_aved",
      "weight": 2
    },
    {
      "name": "null",
      "weight": 16
    }]
  },
  "groovy.aod": {
    "category": "player",
    "sounds": [{
	  "name": "groovy_aod",
      "weight": 2
    },
    {
      "name": "null",
      "weight": 16
    }]
  },
  "ash.housewares": {
    "category": "player",
    "sounds": [{
	  "name": "housewares",
      "weight": 2
    },
    {
      "name": "null",
      "weight": 16
    }]
  },
  "aura.loop": {
    "sounds": [
      "halo_aura"
    ],
    "category": "player"
  },
  "fnaf.jumpscare": {
    "sounds": [
      "fnaf/fnaf_jumpscare"
    ],
    "category": "player"
  },
  "golden.freddy.jumpscare": {
    "sounds": [
      "fnaf/golden_freddy_jumpscare"
    ],
    "category": "player"
  },
  "golden.freddy.glitch": {
    "sounds": [
      "fnaf/golden_freddy_glitch"
    ],
    "category": "player"
  },
  "foxy.step": {
    "sounds": [
      "fnaf/foxy_step"
    ],
    "category": "player"
  },
  "freddy.step": {
    "sounds": [
      "fnaf/freddy_step"
    ],
    "category": "player"
  },
  "bonnie.step": {
    "sounds": [
      "fnaf/bonnie_step"
    ],
    "category": "player"
  },
  "chica.step": {
    "sounds": [
      "fnaf/chica_step"
    ],
    "category": "player"
  },
  "a.major": {
    "sounds": [
      "fnaf/notes/a_major"
    ],
    "category": "player"
  },
  "d.major": {
    "sounds": [
      "fnaf/notes/d_major"
    ],
    "category": "player"
  },
  "c.major": {
    "sounds": [
      "fnaf/notes/c_major"
    ],
    "category": "player"
  },
  "g.major": {
    "sounds": [
      "notes/g_major"
    ],
    "category": "player"
  },
  "e.major": {
    "sounds": [
      "notes/e_major"
    ],
    "category": "player"
  },
  "joint": {
    "sounds": [
      "fnaf/joint"
    ],
    "category": "player"
  },
  "freddy.laugh.1": {
    "sounds": [
      "fnaf/freddy_laugh_1"
    ],
    "category": "player"
  },
  "freddy.laugh.2": {
    "sounds": [
      "fnaf/freddy_laugh_2"
    ],
    "category": "player"
  },
  "freddy.laugh.3": {
    "sounds": [
      "fnaf/freddy_laugh_3"
    ],
    "category": "player"
  },
  "golden.freddy.laugh": {
    "sounds": [
      "fnaf/golden_freddy_laugh"
    ],
    "category": "player"
  },
  "bells.loop": {
    "sounds": [
      "sleigh_bells"
    ],
    "category": "player"
  },
  "creetle.loop": {
    "sounds": [
      "creetle_loop"
    ],
    "category": "player"
  },
  "beetle.flight.loop": {
    "sounds": [
      "beetle_flight_loop"
    ],
    "category": "player"
  },
  "beetle.blade.enable": {
    "sounds": [
      "beetle_blade_enable"
    ],
    "category": "player"
  },
  "beetle.blade.disable": {
    "sounds": [
      "beetle_blade_disable"
    ],
    "category": "player"
  },
  "buster.sword.enable": {
    "sounds": [
      "buster_sword_enable"
    ],
    "category": "player"
  },
  "buster.sword.crackle": {
    "sounds": [
      "buster_sword_crackle"
    ],
    "category": "player"
  },
  "scarab.enable": {
    "sounds": [
      "scarab_enable"
    ],
    "category": "player"
  },
  "beetle.flight.start": {
    "sounds": [
      "beetle_flight_start"
    ],
    "category": "player"
  },
  "chainsaw.loop": {
    "sounds": [
      "chainsaw_loop"
    ],
    "category": "player"
  },
  "chainsaw.start": {
    "sounds": [
      "chainsaw_start"
    ],
    "category": "player"
  },
  "chainsaw.hit": {
    "sounds": [
      "chainsaw_hit"
    ],
    "category": "player"
  },
  "slam": {
    "sounds": [
      "slam"
    ],
    "category": "player"
  },
  "minigun.startup": {
    "sounds": [
      "minigun_start"
    ],
    "category": "player"
  },
  "minigun.winddown": {
    "sounds": [
      "minigun_wind_stop"
    ],
    "category": "player"
  },
  "minigun.windup": {
    "sounds": [
      "minigun_wind_start"
    ],
    "category": "player"
  },
  "freeze.breath.loop": {
    "sounds": [
      "freeze_breath_loop"
    ],
    "category": "player"
  },
  "heat.breath.loop": {
    "sounds": [
      "heat_breath_loop"
    ],
    "category": "player"
  },
  "shotgun.aim": {
    "sounds": [
      "shotgun_aim"
    ],
    "category": "player"
  },
  "shotgun.shoot": {
    "sounds": [
      "shotgun_shoot"
    ],
    "category": "player"
  },
  "spit": {
    "sounds": [
      "spit"
    ],
    "category": "player"
  },
  "skates.walk": {
    "sounds": [
      "skates"
    ],
    "category": "player"
  },
  "zero.to.hero": {
    "sounds": [
	  {
      "name": "zero_to_hero",
	  "stream": true
	  }
    ],
    "category": "player"
  },
  "supergirl.start": {
    "sounds": [
      "supergirl_start"
    ],
    "category": "player"
  },
  "supergirl.loop": {
    "sounds": [
      "supergirl_loop"
    ],
    "category": "player"
  },
  "supergirl.stop": {
    "sounds": [
      "supergirl_stop"
    ],
    "category": "player"
  },
  "supergirl.charge": {
    "sounds": [
      "supergirl_charge"
    ],
    "category": "player"
  },
  "breath.charge": {
    "sounds": [
      "breath_charge"
    ],
    "category": "player"
  },
  "main.rock": {
    "sounds": [{
        "name": "rock",
        "stream": true
      }
    ],
    "category": "player"
  },
  "main.danny_transform": {
    "sounds": [
      {
        "name":"phantom_theme",
        "weight": 1
      },
      {
        "name":"danny_phantom_transform",
        "weight": 10
      }
    ],
    "category": "player"
  },
  "main.unlimited_theme": {
    "sounds": [
      "unlimited_theme"
    ],
    "category": "player"
  },
  "main.fnaf_jumpscare": {
    "sounds": [
      "fnaf_jumpscare"
    ],
    "category": "player"
  },
  "main.compbeep_1": {
    "sounds": [
      "compbeep_1"
    ],
    "category": "player"
  },
  "main.compbeep_2": {
    "sounds": [
      "compbeep_2"
    ],
    "category": "player"
  },
  "main.cyclops_beam": {
    "sounds": [
      "cyclops_beam"
    ],
    "category": "player"
  },
  "main.spectacular_spiderman_web_shooters": {
    "sounds": [
      "spectacular_spiderman_web_shooters"
    ],
    "category": "player"
  },
  "main.spider_sense": {
    "sounds": [
      "spider_sense"
    ],
    "category": "player"
  },
  "main.time_travel_back": {
    "sounds": [
      "time_travel_back"
    ],
    "category": "player"
  },
  "main.black_adam_lightning_beam_1": {
    "sounds": [
      "black_adam_lightning_beam_1"
    ],
    "category": "player"
  },
  "main.black_adam_lightning_beam_2": {
    "sounds": [
      "black_adam_lightning_beam_2"
    ],
    "category": "player"
  },
  "main.rewind_tp": {
    "sounds": [
      "rewind_tp"
    ],
    "category": "player"
  },
  "main.bamf": {
    "sounds": [
      "bamf"
    ],
    "category": "player"
  },
  "main.lex_mech_walk": {
    "sounds": [
      "lex_mech_walk"
    ],
    "category": "player"
  },
  "main.refreshing": {
    "sounds": [
      "refreshing"
    ],
    "category": "player"
  },
  "main.pepsiman": {
    "sounds": [{
        "name": "pepsiman",
        "stream": true
      }
    ],
    "category": "player"
  },
  "main.pepsiman_step": {
    "sounds": [
      "pepsiman_step"
    ],
    "category": "player"
  },
  "main.pepsi_shoot": {
    "sounds": [
      "pepsi_shoot"
    ],
    "category": "player"
  },
  "main.shaking_can": {
    "sounds": [
      "shaking_can"
    ],
    "category": "player"
  },
  "main.sodacan_open": {
    "sounds": [
      "sodacan_open"
    ],
    "category": "player"
  },
  "main.whoosh_can": {
    "sounds": [
      "whoosh_can"
    ],
    "category": "player"
  },
  "main.mind_control_2": {
    "sounds": [
      "mind_control_2"
    ],
    "category": "player"
  },
  "main.bbutcher_land_2": {
    "sounds": [
      "bbutcher_land_2"
    ],
    "category": "player"
  },
  "main.put_away": {
    "sounds": [
      "put_away"
    ],
    "category": "player"
  },
  "main.atrocitus_blood_beam": {
    "sounds": [
      "atrocitus_blood_beam"
    ],
    "category": "player"
  },
  "main.butcher_beam": {
    "sounds": [
      "butcher_beam"
    ],
    "category": "player"
  },
  "main.ice_object_frozen": {
    "sounds": [
      "ice_object_frozen"
    ],
    "category": "player"
  },
  "main.martian_man_hunter_beam_start": {
    "sounds": [
      "martian_man_hunter_beam_start"
    ],
    "category": "player"
  },
  "main.booster_gold_shield": {
    "sounds": [
      "booster_gold_shield"
    ],
    "category": "player"
  },
  "main.booster_gold_shield_on": {
    "sounds": [
      "booster_gold_shield_on"
    ],
    "category": "player"
  },
  "main.booster_gold_lunge_smal": {
    "sounds": [
      "booster_gold_lunge_smal"
    ],
    "category": "player"
  },
  "main.gizmo_bolt_imp": {
    "sounds": [
      "gizmo_bolt_imp"
    ],
    "category": "player"
  },
  "main.jetpack_flight": {
    "sounds": [
      "jetpack_flight"
    ],
    "category": "player"
  },
  "main.detective_mode_on_v1": {
    "sounds": [
      "detective_mode_on_v1"
    ],
    "category": "player"
  },
  "main.mech_forcefield": {
    "sounds": [
      "mech_forcefield"
    ],
    "category": "player"
  },
  "main.lex_beam": {
    "sounds": [
      "lex_beam"
    ],
    "category": "player"
  },
  "main.lex_beam_stop": {
    "sounds": [
      "lex_beam_stop"
    ],
    "category": "player"
  },
  "main.lex_beam_start_1": {
    "sounds": [
      "lex_beam_start_1"
    ],
    "category": "player"
  },
  "main.lex_beamimp": {
    "sounds": [
      "lex_beamimp"
    ],
    "category": "player"
  },
  "main.jetpack_flight_super_sonic": {
    "sounds": [
      "jetpack_flight_super_sonic"
    ],
    "category": "player"
  },
  "main.lex_bolt_4": {
    "sounds": [
      "lex_bolt_4"
    ],
    "category": "player"
  },
  "main.walk_metal_2": {
    "sounds": [
      "walk_metal_2"
    ],
    "category": "player"
  },
  "main.walk_metal_4": {
    "sounds": [
      "walk_metal_4"
    ],
    "category": "player"
  },
  "main.walk_metal_3": {
    "sounds": [
      "walk_metal_3"
    ],
    "category": "player"
  },
  "main.butcher_struggle": {
    "sounds": [
      "butcher_struggle"
    ],
    "category": "player"
  },
  "main.lex_mech_aim": {
    "sounds": [
      "lex_mech_aim"
    ],
    "category": "player"
  },
  "main.chains_summoning": {
    "sounds": [
      "chains_summoning"
    ],
    "category": "player"
  },
  "main.pepsiman_theme": {
    "sounds": [{
        "name": "pepsiman_theme",
        "stream": true
      }
    ],
    "category": "player"
  },
  "main.pepsi_man_fall_flatten_1": {
    "sounds": [
      "pepsi_man_fall_flatten_1"
    ],
    "category": "player"
  },
  "main.pepsiman_inground_landing": {
    "sounds": [
      "pepsiman_inground_landing"
    ],
    "category": "player"
  },
  "main.metal_pipe_fall": {
    "sounds": [
      "metal_pipe_fall"
    ],
    "category": "player"
  },
  "main.EpicMetal_Hard": {
    "sounds": [
      "EpicMetal_Hard"
    ],
    "category": "player"
  },
  "main.des_2": {
    "sounds": [
      "des_2"
    ],
    "category": "player"
  },
  "main.dr_manhattan_teleport": {
    "sounds": [
      "dr_manhattan_teleport"
    ],
    "category": "player"
  },
  "main.inflating_can": {
    "sounds": [
      "inflating_can"
    ],
    "category": "player"
  },
  "main.pepsi_man_takeoff": {
    "sounds": [
      "pepsi_man_takeoff"
    ],
    "category": "player"
  },
  "main.dr_manhattan_grow_1": {
    "sounds": [
      "dr_manhattan_grow_1"
    ],
    "category": "player"
  },
  "main.dr_manhattan_grow_complete_1": {
    "sounds": [
      "dr_manhattan_grow_complete_1"
    ],
    "category": "player"
  },
  "main.dr_manhattan_shrink": {
    "sounds": [
      "dr_manhattan_shrink"
    ],
    "category": "player"
  },
  "main.booster_gold_lungeslam": {
    "sounds": [
      "booster_gold_lungeslam"
    ],
    "category": "player"
  },
  "main.booster_gold_shield_off": {
    "sounds": [
      "booster_gold_shield_off"
    ],
    "category": "player"
  },
  "main.booster_gold_start_beam": {
    "sounds": [
      "booster_gold_start_beam"
    ],
    "category": "player"
  },
  "main.booster_gold_beam": {
    "sounds": [
      "booster_gold_beam"
    ],
    "category": "player"
  },
  "main.dr_manhattan_telekinesis": {
    "sounds": [
      "dr_manhattan_telekinesis"
    ],
    "category": "player"
  },
  "main.act_fly_lp": {
    "sounds": [
      "act_fly_lp"
    ],
    "category": "player"
  },
  "main.slowmo_stop": {
    "sounds": [
      "slowmo_stop"
    ],
    "category": "player"
  },
  "main.slowmo_start": {
    "sounds": [
      "slowmo_start"
    ],
    "category": "player"
  },
  "main.spawn_transform_sound": {
    "sounds": [
      "spawn_transform_sound"
    ],
    "category": "player"
  },
  "main.spawn_tp2": {
    "sounds": [
      "spawn_tp2"
    ],
    "category": "player"
  },
  "main.spawn_tp": {
    "sounds": [
      "spawn_tp"
    ],
    "category": "player"
  },
  "main.spawn_invis": {
    "sounds": [
      "spawn_invis"
    ],
    "category": "player"
  },
  "main.spawn_visible": {
    "sounds": [
      "spawn_visible"
    ],
    "category": "player"
  },
  "main.spawn_healingfactor": {
    "sounds": [
      "spawn_healingfactor"
    ],
    "category": "player"
  },
  "main.spawn_mask_off": {
    "sounds": [
      "spawn_mask_off"
    ],
    "category": "player"
  },
  "main.spawn_mask_on": {
    "sounds": [
      "spawn_mask_on"
    ],
    "category": "player"
  },
  "main.spawn_untransform": {
    "sounds": [
      "spawn_untransform"
    ],
    "category": "player"
  },
  "main.chain_spawn_jab_start": {
    "sounds": [
      "chain_spawn_jab_start"
    ],
    "category": "player"
  },
  "main.chain_spawn_grab_start": {
    "sounds": [
      "chain_spawn_grab_start"
    ],
    "category": "player"
  },
  "main.chain_spawn_disable": {
    "sounds": [
      "chain_spawn_disable"
    ],
    "category": "player"
  },
  "main.chain_spawn_enable": {
    "sounds": [
      "chain_spawn_enable"
    ],
    "category": "player"
  },
  "main.chain_spawn_grab_unanchor": {
    "sounds": [
      "chain_spawn_grab_unanchor"
    ],
    "category": "player"
  },
  "main.spawn_wisp_in": {
    "sounds": [
      "spawn_wisp_in"
    ],
    "category": "player"
  },
  "main.spawn_wisp_out": {
    "sounds": [
      "spawn_wisp_out"
    ],
    "category": "player"
  },
  "main.spawn_wisp_ambient": {
    "sounds": [
      "spawn_wisp_ambient"
    ],
    "category": "player"
  },
  "main.danny_phantom_ghostly_wail": {
    "sounds": [
      "danny_phantom_ghostly_wail"
    ],
    "category": "player"
  },
  "main.wasp_grow": {
    "sounds": [
      "wasp_grow"
    ],
    "category": "player"
  },
  "main.wasp_shrink": {
    "sounds": [
      "wasp_shrink"
    ],
    "category": "player"
  },
  "main.cold_beam_startup": {
    "sounds": [
      "cold_beam_startup"
    ],
    "category": "player"
  },
  "main.cold_beam_loopable": {
    "sounds": [
      "cold_beam_loopable"
    ],
    "category": "player"
  },
  "main.wasp_fly": {
    "sounds": [
      "wasp_fly"
    ],
    "category": "player"
  },
  "main.wasp_fly_idle": {
    "sounds": [
      "wasp_fly_idle"
    ],
    "category": "player"
  },
  "main.wasp_fly_start": {
    "sounds": [
      "wasp_fly_start"
    ],
    "category": "player"
  },
  "main.danny_inhale": {
    "sounds": [
      "danny_inhale"
    ],
    "category": "player"
  },
  "main.danny_ectoplasm_aim_idle": {
    "sounds": [
      "danny_ectoplasm_aim_idle"
    ],
    "category": "player"
  },
  "main.danny_ectoplasm_beam": {
    "sounds": [
      "danny_ectoplasm_beam"
    ],
    "category": "player"
  },
  "main.danny_ectoplasm_bolt": {
    "sounds": [
      "danny_ectoplasm_bolt"
    ],
    "category": "player"
  },
  "main.danny_ectoplasm_chargeup": {
    "sounds": [
      "danny_ectoplasm_chargeup"
    ],
    "category": "player"
  },
  "main.wasp_roll": {
    "sounds": [
      "wasp_roll"
    ],
    "category": "player"
  },
  "main.wasp_mask_on": {
    "sounds": [
      "wasp_mask_on"
    ],
    "category": "player"
  },
  "main.wasp_mask_off": {
    "sounds": [
      "wasp_mask_off"
    ],
    "category": "player"
  },
  "main.wasp_energy_bolt": {
    "sounds": [
      "wasp_energy_bolt"
    ],
    "category": "player"
  }
}
